priority,ipa,word,concept,representationType,homophoneGroup,productivity,assetExists,assetStatus,needsProduction,source
P0,ba,bas,bas,IMAGE,bas | bât | bats,926.115,false,NO_PROVEN_ASSET,true,data/rebus-fragment-representation-ideas.json | data/rebus-productive-bank-wave1.json
P0,vɑ̃,vent,vent,IMAGE,vend | vent,862.299,false,NO_PROVEN_ASSET,true,data/rebus-fragment-representation-ideas.json | data/rebus-productive-bank-wave1.json
P0,ku,cou,cou,IMAGE,cou | coup | coût,860.209,false,NO_PROVEN_ASSET,true,data/rebus-fragment-representation-ideas.json | data/rebus-productive-bank-wave1.json
P0,ni,nid,nid,IMAGE,nid | nie,843.984,true,ASSET_INDIVIDUEL_CANONIQUE,false,data/rebus-fragment-representation-ideas.json | data/rebus-productive-bank-wave1.json
P0,pɛʁ,père,père,IMAGE,pair | paire | père,821.171,false,NO_PROVEN_ASSET,true,data/rebus-fragment-representation-ideas.json | data/rebus-productive-bank-wave1.json
P0,sɑ̃,sang,sang,IMAGE,cent | sang | sans,815.864,false,NO_PROVEN_ASSET,true,data/rebus-fragment-representation-ideas.json | data/rebus-productive-bank-wave1.json
P0,bu,boue,boue,IMAGE,bou | boue | bout,771.475,false,NO_PROVEN_ASSET,true,data/rebus-fragment-representation-ideas.json | data/rebus-productive-bank-wave1.json
P0,fɛʁ,fer,fer,IMAGE,faire | fer | ferre,720.859,false,NO_PROVEN_ASSET,true,data/rebus-fragment-representation-ideas.json | data/rebus-productive-bank-wave1.json
P0,sœʁ,sœur,sœur,IMAGE,soeur | sœur,663.795,false,NO_PROVEN_ASSET,true,data/rebus-fragment-representation-ideas.json
P0,bal,balle,balle,IMAGE,bal | ball | balle,632.238,true,VALIDÉ_EXPLICITEMENT,false,data/rebus-productive-bank-wave2.json
P0,mal,malle,malle,IMAGE,mal | mâle | malle,628.834,false,NO_PROVEN_ASSET,true,data/rebus-productive-bank-wave2.json
P0,pɥi,puits,puits,IMAGE,puis | puits | puy,626.376,true,ASSET_INDIVIDUEL_CANONIQUE,false,data/rebus-fragment-representation-ideas.json | data/rebus-productive-bank-wave1.json
P0,tʁu,trou,trou,IMAGE,trou | troue,623.406,false,NO_PROVEN_ASSET,true,data/rebus-productive-bank-wave2.json
P0,lis,lis,lis,IMAGE,lice | lis | lys,612.085,false,NO_PROVEN_ASSET,true,data/rebus-productive-bank-wave2.json
P0,bɑ̃,banc,banc,IMAGE,ban | banc,610.604,false,NO_PROVEN_ASSET,true,data/rebus-fragment-representation-ideas.json | data/rebus-productive-bank-wave1.json
P0,pwa,pois,pois,IMAGE,poids | pois | poix,609.525,true,ASSET_INDIVIDUEL_CANONIQUE,false,data/rebus-productive-bank-wave2.json
P0,bʁa,bras,bras,IMAGE,bras,604.982,false,NO_PROVEN_ASSET,true,data/rebus-fragment-representation-ideas.json
P0,kɔ̃pa,compas,compas,IMAGE,compas,603.878,false,NO_PROVEN_ASSET,true,data/rebus-productive-bank-wave2.json
P0,ale,allée,allée,IMAGE,allée | aller | allez,600.916,false,NO_PROVEN_ASSET,true,data/rebus-productive-bank-wave2.json
P0,fu,fou,fou,IMAGE,fou,599.682,false,NO_PROVEN_ASSET,true,data/rebus-fragment-representation-ideas.json
P0,ble,blé,blé,IMAGE,blé,598.007,false,NO_PROVEN_ASSET,true,data/rebus-fragment-representation-ideas.json | data/rebus-productive-bank-wave1.json
P0,foto,photo,photo,IMAGE,photo,597.086,true,VALIDÉ_EXPLICITEMENT,false,data/rebus-productive-bank-wave2.json
P0,ʁwa,roi,roi,IMAGE,roi | roua | roy,596.086,false,NO_PROVEN_ASSET,true,data/rebus-productive-bank-wave2.json
P0,œʁ,heure,heure,IMAGE,heure,592.618,false,NO_PROVEN_ASSET,true,data/rebus-fragment-representation-ideas.json
P0,kyʁi,curry,curry,IMAGE,curie | curry,592.22,false,NO_PROVEN_ASSET,true,data/rebus-productive-bank-wave2.json
P0,fis,fils,fils,IMAGE,fils | fisse,589.923,false,NO_PROVEN_ASSET,true,data/rebus-productive-bank-wave2.json
P0,gɑ̃,gant,gant,IMAGE,gant,581.201,true,ASSET_INDIVIDUEL_CANONIQUE,false,data/rebus-fragment-representation-ideas.json
P0,ʁy,rue,rue,IMAGE,reus | ru | rue,580.489,false,NO_PROVEN_ASSET,true,data/rebus-productive-bank-wave2.json
P0,twa,toit,toit,IMAGE,toi | toit | toua,578.826,false,NO_PROVEN_ASSET,true,data/rebus-productive-bank-wave2.json
P0,ʁɛ̃,rein,rein,IMAGE,rain | rein,578.242,false,NO_PROVEN_ASSET,true,data/rebus-productive-bank-wave2.json
P0,ø,œufs,œufs,IMAGE,eux | œufs,578.163,false,NO_PROVEN_ASSET,true,data/rebus-fragment-representation-ideas.json
P0,wa,oie,oie,IMAGE,oie | ouah | oye,571.308,true,ASSET_INDIVIDUEL_CANONIQUE,false,data/rebus-productive-bank-wave2.json
P0,ʁɛn,renne,renne,IMAGE,reine | rêne | renne,570.478,false,DESSIN_RÉELLEMENT_MANQUANT,true,data/rebus-productive-bank-wave2.json
P0,sjɛl,ciel,ciel,IMAGE,ciel,569.721,false,DESSIN_RÉELLEMENT_MANQUANT,true,data/rebus-productive-bank-wave2.json
P0,plɛ,plaie,plaie,IMAGE,plaie | plaît | plet,568.24,false,NO_PROVEN_ASSET,true,data/rebus-productive-bank-wave2.json
P0,apa,appât,appât,IMAGE,appas | appât | happa,567.375,false,NO_PROVEN_ASSET,true,data/rebus-productive-bank-wave2.json
P0,eʁo,héros,héros,IMAGE,héraut | héro | héros,567.092,false,NO_PROVEN_ASSET,true,data/rebus-productive-bank-wave2.json
P0,sede,cd,cd,IMAGE,cd | céder,562.439,false,NO_PROVEN_ASSET,true,data/rebus-productive-bank-wave2.json
P0,epi,épi,épi,IMAGE,épi | épie,559.172,false,NO_PROVEN_ASSET,true,data/rebus-productive-bank-wave2.json
P0,tʁɔ̃,tronc,tronc,IMAGE,tronc,557.943,false,NO_PROVEN_ASSET,true,data/rebus-productive-bank-wave2.json
P0,kʁwa,croix,croix,IMAGE,crois | croît | croix,552.56,false,NO_PROVEN_ASSET,true,data/rebus-productive-bank-wave2.json
P0,fil,fil,fil,IMAGE,fil,547.748,false,NO_PROVEN_ASSET,true,data/rebus-fragment-representation-ideas.json
P0,nɥi,nuit,nuit,IMAGE,nuit,543.322,false,NO_PROVEN_ASSET,true,data/rebus-fragment-representation-ideas.json
P0,ʁadi,radis,radis,IMAGE,radie | radis,541.312,true,ASSET_INDIVIDUEL_CANONIQUE,false,data/rebus-productive-bank-wave2.json
P0,faʁ,phare,phare,IMAGE,far | fard | phare,539.406,true,ASSET_INDIVIDUEL_CANONIQUE,false,data/rebus-productive-bank-wave2.json
P0,lu,loup,loup,IMAGE,loup,539.041,true,ASSET_INDIVIDUEL_CANONIQUE,false,data/rebus-fragment-representation-ideas.json
P0,ɛʁ,air,air,IMAGE,air,536.931,false,NO_PROVEN_ASSET,true,data/rebus-fragment-representation-ideas.json
P0,sjɑ̃,cyan,cyan,IMAGE,cyan | sciant,530.02,false,NO_PROVEN_ASSET,true,data/rebus-productive-bank-wave2.json
P0,bɛ,baie,baie,IMAGE,bai | baie | bey,529.81,false,NO_PROVEN_ASSET,true,data/rebus-productive-bank-wave2.json
P0,lɑ̃s,lance,lance,IMAGE,lance,529.778,true,VALIDÉ_EXPLICITEMENT,false,data/rebus-productive-bank-wave2.json
P0,fuʁ,four,four,IMAGE,four | fourre,525.61,true,VALIDÉ_EXPLICITEMENT,false,data/rebus-productive-bank-wave2.json
P0,nwa,noix,noix,IMAGE,noie | noix | noua,525.073,true,DÉCISION_REQUISE,false,data/rebus-productive-bank-wave2.json
P0,vis,vis,vis,IMAGE,vice | vis | visse,523.35,false,NO_PROVEN_ASSET,true,data/rebus-productive-bank-wave2.json
P0,ɛl,aile,aile,IMAGE,aile,522.093,false,NO_PROVEN_ASSET,true,data/rebus-fragment-representation-ideas.json
P0,fʁɔ̃,front,front,IMAGE,front,520.348,false,NO_PROVEN_ASSET,true,data/rebus-productive-bank-wave2.json
P0,ɑ̃tʁe,entrée,entrée,IMAGE,entrée | entrer,520.116,false,NO_PROVEN_ASSET,true,data/rebus-productive-bank-wave2.json
P0,ɔʁdi,ordi,ordi,IMAGE,ordi | ordis,516.915,false,NO_PROVEN_ASSET,true,data/rebus-productive-bank-wave2.json
P0,gi,gui,gui,IMAGE,gui,516.535,false,NO_PROVEN_ASSET,true,data/rebus-productive-bank-wave2.json
P0,maʒ,mage,mage,IMAGE,mage | maje | majes,514.948,false,NO_PROVEN_ASSET,true,data/rebus-productive-bank-wave2.json
P0,ʁɑ̃ʒe,rangée,rangée,IMAGE,rangé | rangée | ranger,514.569,false,NO_PROVEN_ASSET,true,data/rebus-productive-bank-wave2.json
P0,papa,papa,papa,IMAGE,papa | papas,513.484,false,NO_PROVEN_ASSET,true,data/rebus-productive-bank-wave2.json
P0,kote,côté,côté,IMAGE,côté | coter,509.265,false,NO_PROVEN_ASSET,true,data/rebus-productive-bank-wave2.json
P0,myʁ,mur,mur,IMAGE,mur | mure | mûres,507.834,false,NO_PROVEN_ASSET,true,data/rebus-productive-bank-wave2.json
P0,alo,halo,halo,IMAGE,allô | allos | halo,503.526,false,NO_PROVEN_ASSET,true,data/rebus-productive-bank-wave2.json
P0,peʃe,pêcher,pêcher,IMAGE,péché | pêcher,503.51,false,NO_PROVEN_ASSET,true,data/rebus-productive-bank-wave2.json
P0,vil,ville,ville,IMAGE,ville,502.676,false,NO_PROVEN_ASSET,true,data/rebus-fragment-representation-ideas.json
P0,liʁ,lyre,lyre,IMAGE,lire | lyre,502.449,false,NO_PROVEN_ASSET,true,data/rebus-productive-bank-wave2.json
P0,təny,tenue,tenue,IMAGE,tenu | tenue,501.813,false,NO_PROVEN_ASSET,true,data/rebus-productive-bank-wave2.json
P0,maʁʃe,marché,marché,IMAGE,marché | marchers,499.307,false,NO_PROVEN_ASSET,true,data/rebus-productive-bank-wave2.json
P0,lak,lac,lac,IMAGE,lac | lacs | laque,497.836,false,NO_PROVEN_ASSET,true,data/rebus-productive-bank-wave2.json
P0,dʁa,drap,drap,IMAGE,drap,497.038,false,NO_PROVEN_ASSET,true,data/rebus-fragment-representation-ideas.json
P0,kafe,café,café,IMAGE,café | caffé,494.47,true,EXISTE_NON_VALIDÉ,false,data/rebus-productive-bank-wave2.json
P0,sabl,sable,sable,IMAGE,sable,494.226,false,NO_PROVEN_ASSET,true,data/rebus-productive-bank-wave2.json
P0,pɛl,pelle,pelle,IMAGE,pelle,494.001,true,ASSET_INDIVIDUEL_CANONIQUE,false,data/rebus-fragment-representation-ideas.json
P0,pate,pâté,pâté,IMAGE,pâté | pâtée,492.959,false,NO_PROVEN_ASSET,true,data/rebus-productive-bank-wave2.json
P0,nwaʁ,noir,noir,IMAGE,noir | noires,492.933,false,NO_PROVEN_ASSET,true,data/rebus-productive-bank-wave2.json
P0,maʁe,marée,marée,IMAGE,marae | marée | marrer,492.056,false,NO_PROVEN_ASSET,true,data/rebus-productive-bank-wave2.json
P0,dam,dame,dame,IMAGE,dame,490.703,false,NO_PROVEN_ASSET,true,data/rebus-productive-bank-wave2.json
P0,ʒø,jeu,jeu,IMAGE,jeu,489.645,false,NO_PROVEN_ASSET,true,data/rebus-fragment-representation-ideas.json
P0,kaʁe,carré,carré,IMAGE,carai | carré | carrée,485.69,false,DESSIN_RÉELLEMENT_MANQUANT,true,data/rebus-productive-bank-wave2.json
P0,fas,face,face,IMAGE,face | fasce | fasse,485.242,false,NO_PROVEN_ASSET,true,data/rebus-productive-bank-wave2.json
P0,depaʁ,départ,départ,IMAGE,dépare | départ,482.74,false,NO_PROVEN_ASSET,true,data/rebus-productive-bank-wave2.json
P0,tas,tasse,tasse,IMAGE,tasse,482.296,true,ASSET_INDIVIDUEL_CANONIQUE,false,data/rebus-productive-bank-wave2.json
P0,kɔ̃te,comté,comté,IMAGE,compter | comté | conter,482.087,false,NO_PROVEN_ASSET,true,data/rebus-productive-bank-wave2.json
P0,ʒaʁ,jarre,jarre,IMAGE,jar | jarre | jars,479.867,false,NO_PROVEN_ASSET,true,data/rebus-productive-bank-wave2.json
P0,majo,maillot,maillot,IMAGE,maillot | mayo | mayos,479.641,false,NO_PROVEN_ASSET,true,data/rebus-productive-bank-wave4.json
P0,kɔ̃fi,confit,confit,IMAGE,confie | config | confit,479.616,false,NO_PROVEN_ASSET,true,data/rebus-productive-bank-wave2.json
P0,dine,dîner,dîner,IMAGE,diné | dîner,478.252,false,NO_PROVEN_ASSET,true,data/rebus-productive-bank-wave3.json
P0,mate,maté,maté,IMAGE,maté | mater | maters,478.155,false,NO_PROVEN_ASSET,true,data/rebus-productive-bank-wave2.json
P0,ɑ̃fɑ̃,enfant,enfant,IMAGE,enfans | enfant,477.263,false,NO_PROVEN_ASSET,true,data/rebus-productive-bank-wave3.json
P0,ʒəte,jetée,jetée,IMAGE,jeté | jetée | jeter,475.101,false,NO_PROVEN_ASSET,true,data/rebus-productive-bank-wave2.json
P0,aʁme,armée,armée,IMAGE,armé | armée | armer,474.887,false,NO_PROVEN_ASSET,true,data/rebus-productive-bank-wave2.json
P0,bɛ̃,bain,bain,IMAGE,bain,472.218,false,NO_PROVEN_ASSET,true,data/rebus-fragment-representation-ideas.json
P0,kame,camée,camée,IMAGE,camé | camée | camer,471.968,false,NO_PROVEN_ASSET,true,data/rebus-productive-bank-wave2.json
P0,ʒeni,génie,génie,IMAGE,géni | génie | jenny,471.034,false,NO_PROVEN_ASSET,true,data/rebus-productive-bank-wave2.json
P0,ano,anneau,anneau,IMAGE,anaux | anneau,470.815,true,VALIDÉ_EXPLICITEMENT,false,data/rebus-productive-bank-wave2.json
P0,dwa,doigt,doigt,IMAGE,doigt | dois | doit,470.434,false,DESSIN_RÉELLEMENT_MANQUANT,true,data/rebus-productive-bank-wave2.json
P0,pus,pouce,pouce,IMAGE,pouce | poucent | pousse,470.099,false,NO_PROVEN_ASSET,true,data/rebus-productive-bank-wave5.json
P0,pus,pousse,pousse,IMAGE,pouce | poucent | pousse,470.099,false,NO_PROVEN_ASSET,true,data/rebus-productive-bank-wave5.json
P0,eto,étau,étau,IMAGE,étau,470.076,false,NO_PROVEN_ASSET,true,data/rebus-productive-bank-wave2.json
P0,dɛ̃,daim,daim,IMAGE,daim,468.948,false,NO_PROVEN_ASSET,true,data/rebus-fragment-representation-ideas.json
P0,demɔ̃,démon,démon,IMAGE,daemon | démon,468.811,false,NO_PROVEN_ASSET,true,data/rebus-productive-bank-wave2.json
P0,kola,cola,cola,IMAGE,cola | colla | kola,468.414,false,NO_PROVEN_ASSET,true,data/rebus-productive-bank-wave2.json
P0,ipo,hippo,hippo,IMAGE,hippo | hypo,467.401,false,NO_PROVEN_ASSET,true,data/rebus-productive-bank-wave2.json
P0,ʁut,route,route,IMAGE,root | roots | route,465.781,true,ASSET_INDIVIDUEL_CANONIQUE,false,data/rebus-productive-bank-wave2.json
P0,ʃu,chou,chou,IMAGE,chou,461.349,true,EXISTE_NON_VALIDÉ,false,data/rebus-fragment-representation-ideas.json
P0,sak,sac,sac,IMAGE,sac | sacque | saque,460.827,false,NO_PROVEN_ASSET,true,data/rebus-productive-bank-wave4.json
P0,jø,yeux,yeux,IMAGE,yeux,460.344,false,NO_PROVEN_ASSET,true,data/rebus-productive-bank-wave2.json
P0,tɛt,tête,tête,IMAGE,tèt | tête | tette,459.167,false,NO_PROVEN_ASSET,true,data/rebus-productive-bank-wave3.json
P0,ʃəmɛ̃,chemin,chemin,IMAGE,chemin,458.794,false,NO_PROVEN_ASSET,true,data/rebus-productive-bank-wave2.json
P0,akʁo,accroc,accroc,IMAGE,accro | accroc,458.366,false,NO_PROVEN_ASSET,true,data/rebus-productive-bank-wave2.json
P0,balɔ̃,ballon,ballon,IMAGE,ballon,458.016,false,NO_PROVEN_ASSET,true,data/rebus-fragment-representation-ideas.json
P0,sɔʁtiʁ,sortir,sortir,IMAGE,sortir,455.983,false,NO_PROVEN_ASSET,true,data/rebus-productive-bank-wave3.json
P0,gʁɛ̃,grain,grain,IMAGE,grain,455.396,false,NO_PROVEN_ASSET,true,data/rebus-productive-bank-wave2.json
P0,abʁi,abri,abri,IMAGE,abri,455.025,false,NO_PROVEN_ASSET,true,data/rebus-productive-bank-wave2.json
P0,lɛn,laine,laine,IMAGE,laine,452.832,false,NO_PROVEN_ASSET,true,data/rebus-productive-bank-wave2.json
P1,pul,poule,poule,IMAGE,pool | poule | poulent,450.585,false,NO_PROVEN_ASSET,true,data/rebus-productive-bank-wave5.json
P1,maʁʃɑ̃,marchand,marchand,IMAGE,marchand | marchant,450.514,false,NO_PROVEN_ASSET,true,data/rebus-productive-bank-wave2.json
P1,mɛk,mec,mec,IMAGE,mak | mec,448.44,false,NO_PROVEN_ASSET,true,data/rebus-productive-bank-wave3.json
P1,sɔʁti,sortie,sortie,IMAGE,sorti | sortie,447.974,false,NO_PROVEN_ASSET,true,data/rebus-productive-bank-wave3.json
P1,kɔk,coq,coq,IMAGE,coq | coque,445.53,false,DESSIN_RÉELLEMENT_MANQUANT,true,data/rebus-productive-bank-wave2.json
P1,vale,vallée,vallée,IMAGE,valez | vallée,441.395,false,NO_PROVEN_ASSET,true,data/rebus-productive-bank-wave2.json
P1,bɑ̃d,bande,bande,IMAGE,bande | bende,439.348,false,NO_PROVEN_ASSET,true,data/rebus-productive-bank-wave3.json
P1,ɛtʁ,hêtre,hêtre,IMAGE,estre | être | hêtre,436.601,false,NO_PROVEN_ASSET,true,data/rebus-productive-bank-wave5.json
P1,pɛn,pêne,pêne,IMAGE,peine | pêne | penne,436.42,false,NO_PROVEN_ASSET,true,data/rebus-productive-bank-wave3.json
P1,tapi,tapis,tapis,IMAGE,tapis,433.575,false,NO_PROVEN_ASSET,true,data/rebus-productive-bank-wave5.json
P1,ʒwe,jouer,jouer,IMAGE,joué | jouée | jouer,432.915,false,NO_PROVEN_ASSET,true,data/rebus-productive-bank-wave3.json
P1,bwat,boîte,boîte,IMAGE,boîte | boites,430.721,false,NO_PROVEN_ASSET,true,data/rebus-productive-bank-wave3.json
P1,kaʁt,carte,carte,IMAGE,carte | kart | quarte,428.046,false,NO_PROVEN_ASSET,true,data/rebus-productive-bank-wave3.json
P1,bulo,bouleau,bouleau,IMAGE,bouleau | boulot,427.801,false,NO_PROVEN_ASSET,true,data/rebus-productive-bank-wave5.json
P1,ʃyt,chute,chute,IMAGE,chut | chute,427.123,false,NO_PROVEN_ASSET,true,data/rebus-productive-bank-wave3.json
P1,staty,statue,statue,IMAGE,statu | statue | statut,426.483,false,NO_PROVEN_ASSET,true,data/rebus-productive-bank-wave5.json
P1,ɔm,homme,homme,IMAGE,hom | homme,424.756,false,NO_PROVEN_ASSET,true,data/rebus-productive-bank-wave4.json
P1,poz,pose,pose,IMAGE,pause | pose,423.01,false,NO_PROVEN_ASSET,true,data/rebus-productive-bank-wave3.json
P1,sɑ̃dʁ,cendre,cendre,IMAGE,cendre | cendres | sandre,422.849,false,NO_PROVEN_ASSET,true,data/rebus-productive-bank-wave3.json
P1,sup,soupe,soupe,IMAGE,soupe,419.694,false,NO_PROVEN_ASSET,true,data/rebus-productive-bank-wave3.json
P1,ʁɔk,roc,roc,IMAGE,roc | rock | roque,418.366,false,NO_PROVEN_ASSET,true,data/rebus-productive-bank-wave5.json
P1,gaʁd,garde,garde,IMAGE,garde | guard,417.515,false,NO_PROVEN_ASSET,true,data/rebus-productive-bank-wave3.json
P1,ʒɔ̃,jonc,jonc,IMAGE,jonc,417.378,false,NO_PROVEN_ASSET,true,data/rebus-productive-bank-wave3.json
P1,etɑ̃,étang,étang,IMAGE,étang | étants | étend,416.103,false,NO_PROVEN_ASSET,true,data/rebus-productive-bank-wave4.json
P1,bebe,bébé,bébé,IMAGE,bebe | bébé,416.082,false,NO_PROVEN_ASSET,true,data/rebus-productive-bank-wave4.json
P1,dɔktœʁ,docteur,docteur,IMAGE,docteur | docteure | docteures,414.674,false,NO_PROVEN_ASSET,true,data/rebus-productive-bank-wave5.json
P1,nivo,niveau,niveau,IMAGE,nivaux | niveau,414.603,false,NO_PROVEN_ASSET,true,data/rebus-productive-bank-wave3.json
P1,pilɔt,pilote,pilote,IMAGE,pilote,413.811,false,NO_PROVEN_ASSET,true,data/rebus-productive-bank-wave5.json
P1,aktœʁ,acteur,acteur,IMAGE,acteur,412.82,false,NO_PROVEN_ASSET,true,data/rebus-productive-bank-wave3.json
P1,gʁup,groupe,groupe,IMAGE,group | groupe,410.345,false,NO_PROVEN_ASSET,true,data/rebus-productive-bank-wave3.json
P1,nɛ̃,nain,nain,IMAGE,nain,409.924,false,NO_PROVEN_ASSET,true,data/rebus-productive-bank-wave3.json
P1,pak,Pâques,Pâques,IMAGE,Pâques,409.071,false,NO_PROVEN_ASSET,true,data/rebus-fragment-representation-ideas.json
P1,plaʒ,plage,plage,IMAGE,plage,408.153,false,NO_PROVEN_ASSET,true,data/rebus-productive-bank-wave4.json
P1,pjɛʁ,pierre,pierre,IMAGE,pier | pierre,404.812,false,NO_PROVEN_ASSET,true,data/rebus-productive-bank-wave4.json
P1,spɔʁ,spore,spore,IMAGE,spore | sport,404.271,false,NO_PROVEN_ASSET,true,data/rebus-productive-bank-wave5.json
P1,sote,sauter,sauter,IMAGE,sauté | sauter,400.296,false,NO_PROVEN_ASSET,true,data/rebus-productive-bank-wave4.json
P1,maʁɛ̃,marin,marin,IMAGE,marin,398.005,false,NO_PROVEN_ASSET,true,data/rebus-productive-bank-wave5.json
P1,kan,canne,canne,IMAGE,canne | kan | khan,397.956,false,NO_PROVEN_ASSET,true,data/rebus-productive-bank-wave5.json
P1,kan,khan,khan,IMAGE,canne | kan | khan,397.956,false,NO_PROVEN_ASSET,true,data/rebus-productive-bank-wave5.json
P1,ɥil,huile,huile,IMAGE,huile,395.338,false,NO_PROVEN_ASSET,true,data/rebus-fragment-representation-ideas.json
P1,van,van,van,IMAGE,van | vanne | wan,394.444,false,NO_PROVEN_ASSET,true,data/rebus-productive-bank-wave5.json
P1,van,vanne,vanne,IMAGE,van | vanne | wan,394.444,false,NO_PROVEN_ASSET,true,data/rebus-productive-bank-wave5.json
P1,pwal,poêle,poêle,IMAGE,poêle | poële | poil,392.235,false,NO_PROVEN_ASSET,true,data/rebus-productive-bank-wave4.json
P1,gaʁsɔ̃,garçon,garçon,IMAGE,garçon,390.374,false,NO_PROVEN_ASSET,true,data/rebus-productive-bank-wave4.json
P1,mɛdsɛ̃,médecin,médecin,IMAGE,médecin,388.85,false,NO_PROVEN_ASSET,true,data/rebus-productive-bank-wave4.json
P1,kɔʁd,corde,corde,IMAGE,corde,387.941,false,NO_PROVEN_ASSET,true,data/rebus-productive-bank-wave4.json
P1,kɥizin,cuisine,cuisine,IMAGE,cuisine,386.815,false,NO_PROVEN_ASSET,true,data/rebus-productive-bank-wave4.json
P1,gɔʁʒ,gorge,gorge,IMAGE,gorge,386.458,false,NO_PROVEN_ASSET,true,data/rebus-productive-bank-wave5.json
P1,dʒin,jean,jean,IMAGE,djinn | gin | jean,385.634,false,NO_PROVEN_ASSET,true,data/rebus-productive-bank-wave5.json
P1,maʁʃ,marche,marche,IMAGE,marche,385.088,false,NO_PROVEN_ASSET,true,data/rebus-productive-bank-wave5.json
P1,ʃɔʁt,short,short,IMAGE,short | shorte | shortent,380.542,false,NO_PROVEN_ASSET,true,data/rebus-productive-bank-wave5.json
P1,butɛj,bouteille,bouteille,IMAGE,bouteille,380.166,false,NO_PROVEN_ASSET,true,data/rebus-fragment-representation-ideas.json
P1,naʒe,nager,nager,IMAGE,nager,379.67,false,NO_PROVEN_ASSET,true,data/rebus-productive-bank-wave4.json
P1,kø,queue,queue,IMAGE,queue,379.522,false,NO_PROVEN_ASSET,true,data/rebus-fragment-representation-ideas.json
P1,fɑ̃tom,fantôme,fantôme,IMAGE,fantôme | phantôme | phantômes,378.693,false,NO_PROVEN_ASSET,true,data/rebus-productive-bank-wave5.json
P1,solɛj,soleil,soleil,IMAGE,soleil,377.887,true,ASSET_INDIVIDUEL_CANONIQUE,false,data/rebus-productive-bank-wave4.json
P1,fənɛtʁ,fenêtre,fenêtre,IMAGE,fenêtre,376.098,false,NO_PROVEN_ASSET,true,data/rebus-productive-bank-wave4.json
P1,sɔlda,soldat,soldat,IMAGE,solda | soldat,374.659,false,NO_PROVEN_ASSET,true,data/rebus-productive-bank-wave4.json
P1,foʁɛ,foret,foret,IMAGE,forait | foret | forêt,374.656,false,NO_PROVEN_ASSET,true,data/rebus-productive-bank-wave4.json
P1,foʁɛ,forêt,forêt,IMAGE,forait | foret | forêt,374.656,false,NO_PROVEN_ASSET,true,data/rebus-productive-bank-wave4.json
P1,ʃal,châle,châle,IMAGE,châle | schall | shale,374.452,false,NO_PROVEN_ASSET,true,data/rebus-productive-bank-wave4.json
P1,epe,épée,épée,IMAGE,épée,374.344,false,NO_PROVEN_ASSET,true,data/rebus-productive-bank-wave4.json
P1,palɛ,palais,palais,IMAGE,palais | palet,372.033,false,NO_PROVEN_ASSET,true,data/rebus-productive-bank-wave5.json
P1,palɛ,palet,palet,IMAGE,palais | palet,372.033,false,NO_PROVEN_ASSET,true,data/rebus-productive-bank-wave5.json
P1,wazo,oiseau,oiseau,IMAGE,oiseau,371.982,false,DESSIN_RÉELLEMENT_MANQUANT,true,data/rebus-fragment-representation-ideas.json
P1,ʒənu,genou,genou,IMAGE,genou,371.934,false,NO_PROVEN_ASSET,true,data/rebus-productive-bank-wave4.json
P1,gɔm,gomme,gomme,IMAGE,gomme | gum | gums,369.036,false,NO_PROVEN_ASSET,true,data/rebus-productive-bank-wave4.json
P1,ʒaʁdɛ̃,jardin,jardin,IMAGE,jardin,368.418,false,NO_PROVEN_ASSET,true,data/rebus-productive-bank-wave4.json
P1,klas,classe,classe,IMAGE,class | classe,368.223,false,NO_PROVEN_ASSET,true,data/rebus-productive-bank-wave4.json
P1,pnø,pneu,pneu,IMAGE,pneu,367.958,false,NO_PROVEN_ASSET,true,data/rebus-productive-bank-wave4.json
P1,butɔ̃,bouton,bouton,IMAGE,bouton | boutons,367.949,false,NO_PROVEN_ASSET,true,data/rebus-productive-bank-wave4.json
P1,glas,glace,glace,IMAGE,glace | glass,367.796,false,NO_PROVEN_ASSET,true,data/rebus-productive-bank-wave4.json
P1,kuʁiʁ,courir,courir,IMAGE,courir,367.508,false,NO_PROVEN_ASSET,true,data/rebus-productive-bank-wave4.json
P1,sufle,souffler,souffler,IMAGE,soufflé | souffler,366.42,false,NO_PROVEN_ASSET,true,data/rebus-productive-bank-wave5.json
P1,fɛʁm,ferme,ferme,IMAGE,ferme,365.518,false,NO_PROVEN_ASSET,true,data/rebus-productive-bank-wave4.json
P1,valiz,valise,valise,IMAGE,valise,364.34,false,NO_PROVEN_ASSET,true,data/rebus-productive-bank-wave4.json
P1,gato,gâteau,gâteau,IMAGE,gâteau,364.233,false,NO_PROVEN_ASSET,true,data/rebus-fragment-representation-ideas.json
P1,egliz,église,église,IMAGE,église,363.428,false,NO_PROVEN_ASSET,true,data/rebus-productive-bank-wave4.json
P1,ʃəmiz,chemise,chemise,IMAGE,chemise,362.169,false,NO_PROVEN_ASSET,true,data/rebus-productive-bank-wave4.json
P1,bul,boule,boule,IMAGE,boule | boulle,358.338,false,NO_PROVEN_ASSET,true,data/rebus-productive-bank-wave4.json
P1,salɔ̃,salon,salon,IMAGE,salon,357.511,false,NO_PROVEN_ASSET,true,data/rebus-productive-bank-wave4.json
P1,oʁɛj,oreille,oreille,IMAGE,oreille,356.939,false,NO_PROVEN_ASSET,true,data/rebus-fragment-representation-ideas.json
P1,gʁɛn,graine,graine,IMAGE,graine,356.738,false,NO_PROVEN_ASSET,true,data/rebus-productive-bank-wave4.json
P1,epol,épaule,épaule,IMAGE,épaule,356.522,false,NO_PROVEN_ASSET,true,data/rebus-productive-bank-wave4.json
P1,tɛʁm,thermes,thermes,IMAGE,terme | therme | thermes,356.238,false,NO_PROVEN_ASSET,true,data/rebus-productive-bank-wave5.json
P1,zoo,zoo,zoo,IMAGE,zoo,355.644,false,NO_PROVEN_ASSET,true,data/rebus-productive-bank-wave4.json
P1,lɛtʁ,lettre,lettre,IMAGE,lettre,354.089,false,NO_PROVEN_ASSET,true,data/rebus-productive-bank-wave5.json
P1,ekʁɑ̃,écran,écran,IMAGE,écran,354.013,false,NO_PROVEN_ASSET,true,data/rebus-productive-bank-wave4.json
P1,koʃɔ̃,cochon,cochon,IMAGE,cochon,353.611,false,NO_PROVEN_ASSET,true,data/rebus-productive-bank-wave4.json
P1,pisin,piscine,piscine,IMAGE,piscine,353.311,false,NO_PROVEN_ASSET,true,data/rebus-productive-bank-wave4.json
P1,ʃaʁjo,chariot,chariot,IMAGE,chariot | charriot | charriots,351.447,false,NO_PROVEN_ASSET,true,data/rebus-productive-bank-wave4.json
P1,mɑ̃tɔ̃,menton,menton,IMAGE,menton | mentons,351.193,false,NO_PROVEN_ASSET,true,data/rebus-productive-bank-wave4.json
P1,dɔʁmiʁ,dormir,dormir,IMAGE,dormir,350.914,false,NO_PROVEN_ASSET,true,data/rebus-productive-bank-wave4.json
P1,kanɔ̃,canon,canon,IMAGE,cannons | canon,350.882,false,NO_PROVEN_ASSET,true,data/rebus-productive-bank-wave4.json
P1,suʁs,source,source,IMAGE,sce | source,350.587,false,NO_PROVEN_ASSET,true,data/rebus-productive-bank-wave4.json
P1,ʁivjɛʁ,rivière,rivière,IMAGE,rivière,350.558,false,NO_PROVEN_ASSET,true,data/rebus-productive-bank-wave4.json
P1,sɛ̃tyʁ,ceinture,ceinture,IMAGE,ceinture,350.295,false,NO_PROVEN_ASSET,true,data/rebus-productive-bank-wave4.json
P1,gaʁaʒ,garage,garage,IMAGE,garage,349.625,false,NO_PROVEN_ASSET,true,data/rebus-productive-bank-wave5.json
P1,fʁomaʒ,fromage,fromage,IMAGE,fromage,349.587,false,NO_PROVEN_ASSET,true,data/rebus-productive-bank-wave4.json
P1,kaje,cahier,cahier,IMAGE,cahier | caillé | cailler,348.761,false,NO_PROVEN_ASSET,true,data/rebus-productive-bank-wave4.json
P1,amɑ̃d,amande,amande,IMAGE,amande | amende,346.946,false,NO_PROVEN_ASSET,true,data/rebus-productive-bank-wave5.json
P1,miʁwaʁ,miroir,miroir,IMAGE,miroir,344.572,false,NO_PROVEN_ASSET,true,data/rebus-productive-bank-wave4.json
P1,gʁɛ̃pe,grimper,grimper,IMAGE,grimpée | grimper,343.632,false,NO_PROVEN_ASSET,true,data/rebus-productive-bank-wave5.json
P1,kolin,colline,colline,IMAGE,colline,342.873,false,NO_PROVEN_ASSET,true,data/rebus-productive-bank-wave5.json
P1,vagɔ̃,wagon,wagon,IMAGE,vagon | wagon,340.351,false,NO_PROVEN_ASSET,true,data/rebus-productive-bank-wave5.json
P1,ʁido,rideau,rideau,IMAGE,rideau,340.065,false,NO_PROVEN_ASSET,true,data/rebus-productive-bank-wave4.json
P1,faktœʁ,facteur,facteur,IMAGE,facteur,339.008,false,NO_PROVEN_ASSET,true,data/rebus-productive-bank-wave4.json
P1,ɔ̃bʁ,ombre,ombre,IMAGE,hombre | ombre,339.008,false,NO_PROVEN_ASSET,true,data/rebus-productive-bank-wave4.json
P1,baʁo,barreau,barreau,IMAGE,barreau | barrot,337.888,false,NO_PROVEN_ASSET,true,data/rebus-productive-bank-wave5.json
P1,ʁɛgl,règle,règle,IMAGE,règle,337.022,false,NO_PROVEN_ASSET,true,data/rebus-productive-bank-wave4.json
P1,vɑ̃tʁ,ventre,ventre,IMAGE,ventre,336.47,false,NO_PROVEN_ASSET,true,data/rebus-productive-bank-wave4.json
P1,kʁan,crane,crane,IMAGE,crane | crâne,335.141,false,NO_PROVEN_ASSET,true,data/rebus-productive-bank-wave4.json
P1,kʁan,crâne,crâne,IMAGE,crane | crâne,335.141,true,VALIDÉ_EXPLICITEMENT,false,data/rebus-productive-bank-wave4.json
P1,dʁapo,drapeau,drapeau,IMAGE,drapeau,334.701,false,NO_PROVEN_ASSET,true,data/rebus-productive-bank-wave4.json
P1,lɑ̃g,langue,langue,IMAGE,langue,334.028,false,NO_PROVEN_ASSET,true,data/rebus-productive-bank-wave4.json
P2,klu,clou,clou,IMAGE,clou | cloue,333.322,false,NO_PROVEN_ASSET,true,data/rebus-productive-bank-wave4.json
P2,piʒɔ̃,pigeon,pigeon,IMAGE,pigeon | pigeons,333.088,false,NO_PROVEN_ASSET,true,data/rebus-productive-bank-wave4.json
P2,fɛʁmje,fermier,fermier,IMAGE,fermier | fermiez,332.667,false,NO_PROVEN_ASSET,true,data/rebus-productive-bank-wave5.json
P2,kɔfʁ,coffre,coffre,IMAGE,coffre,332.513,false,NO_PROVEN_ASSET,true,data/rebus-productive-bank-wave4.json
P2,vjɑ̃d,viande,viande,IMAGE,viande,332.231,false,NO_PROVEN_ASSET,true,data/rebus-productive-bank-wave4.json
P2,oʁɑ̃ʒ,orange,orange,IMAGE,orange,332.205,false,NO_PROVEN_ASSET,true,data/rebus-fragment-representation-ideas.json
P2,ʒɑ̃bɔ̃,jambon,jambon,IMAGE,jambon,331.389,false,NO_PROVEN_ASSET,true,data/rebus-productive-bank-wave4.json
P2,sɛʁkl,cercle,cercle,IMAGE,cercle,331.017,false,NO_PROVEN_ASSET,true,data/rebus-productive-bank-wave4.json
P2,ekʁiʁ,écrire,écrire,IMAGE,écrire,330.563,false,NO_PROVEN_ASSET,true,data/rebus-productive-bank-wave4.json
P2,asjɛt,assiette,assiette,IMAGE,assiette,329.908,false,NO_PROVEN_ASSET,true,data/rebus-productive-bank-wave4.json
P2,ɔʁlɔʒ,horloge,horloge,IMAGE,horloge,329.861,false,NO_PROVEN_ASSET,true,data/rebus-productive-bank-wave4.json
P2,ʁasin,racine,racine,IMAGE,racine,329.385,false,NO_PROVEN_ASSET,true,data/rebus-productive-bank-wave4.json
P2,ʃəvø,cheveu,cheveu,IMAGE,cheveu,328.381,false,NO_PROVEN_ASSET,true,data/rebus-productive-bank-wave4.json
P2,ʃəvij,cheville,cheville,IMAGE,cheville,327.937,false,NO_PROVEN_ASSET,true,data/rebus-productive-bank-wave4.json
P2,kav,cave,cave,IMAGE,cave,327.872,false,NO_PROVEN_ASSET,true,data/rebus-productive-bank-wave4.json
P2,mustaʃ,moustache,moustache,IMAGE,moustache,327.631,false,NO_PROVEN_ASSET,true,data/rebus-productive-bank-wave5.json
P2,bʁɑ̃ʃ,branche,branche,IMAGE,branche,327.439,false,NO_PROVEN_ASSET,true,data/rebus-productive-bank-wave4.json
P2,sonɛt,sonnette,sonnette,IMAGE,sonnette,327.199,false,NO_PROVEN_ASSET,true,data/rebus-productive-bank-wave4.json
P2,sykʁ,sucre,sucre,IMAGE,sucre,327.083,false,DESSIN_RÉELLEMENT_MANQUANT,true,data/rebus-productive-bank-wave4.json
P2,oʁaʒ,orage,orage,IMAGE,orage,326.356,false,NO_PROVEN_ASSET,true,data/rebus-fragment-representation-ideas.json
P2,bonɛ,bonnet,bonnet,IMAGE,bonnet,325.477,false,NO_PROVEN_ASSET,true,data/rebus-productive-bank-wave5.json
P2,pɔ̃pje,pompier,pompier,IMAGE,pompier | pompiez,324.635,false,NO_PROVEN_ASSET,true,data/rebus-productive-bank-wave5.json
P2,buʃɔ̃,bouchon,bouchon,IMAGE,bouchon | bouchons,324.099,false,NO_PROVEN_ASSET,true,data/rebus-productive-bank-wave5.json
P2,baʁb,barbe,barbe,IMAGE,barbe,323.897,false,NO_PROVEN_ASSET,true,data/rebus-productive-bank-wave4.json
P2,an,âne,âne,IMAGE,âne | hane,323.647,false,NO_PROVEN_ASSET,true,data/rebus-productive-bank-wave5.json
P2,seʁyʁ,serrure,serrure,IMAGE,serrure,323.481,false,NO_PROVEN_ASSET,true,data/rebus-productive-bank-wave5.json
P2,aʁmwaʁ,armoire,armoire,IMAGE,armoire,323.398,false,NO_PROVEN_ASSET,true,data/rebus-productive-bank-wave4.json
P2,kaju,caillou,caillou,IMAGE,caillou,322.507,false,NO_PROVEN_ASSET,true,data/rebus-productive-bank-wave4.json
P2,faʁin,farine,farine,IMAGE,farine,321.298,false,NO_PROVEN_ASSET,true,data/rebus-productive-bank-wave4.json
P2,ʃwɛt,chouette,chouette,IMAGE,chouette,320.443,false,NO_PROVEN_ASSET,true,data/rebus-productive-bank-wave4.json
P2,kadʁ,cadre,cadre,IMAGE,cadre,318.964,false,NO_PROVEN_ASSET,true,data/rebus-productive-bank-wave4.json
P2,ʃatɔ̃,chaton,chaton,IMAGE,chaton,318.345,false,NO_PROVEN_ASSET,true,data/rebus-productive-bank-wave4.json
P2,jauʁt,yaourt,yaourt,IMAGE,yahourt | yaourt,318.332,false,NO_PROVEN_ASSET,true,data/rebus-productive-bank-wave5.json
P2,dɑ̃se,danser,danser,IMAGE,danser,317.77,false,NO_PROVEN_ASSET,true,data/rebus-productive-bank-wave4.json
P2,tomat,tomate,tomate,IMAGE,tomate,317.598,false,NO_PROVEN_ASSET,true,data/rebus-fragment-representation-ideas.json
P2,vɛst,veste,veste,IMAGE,veste,317.477,false,NO_PROVEN_ASSET,true,data/rebus-productive-bank-wave4.json
P2,oby,obus,obus,IMAGE,obus,315.393,false,NO_PROVEN_ASSET,true,data/rebus-productive-bank-wave4.json
P2,omaʁ,homard,homard,IMAGE,homard,314.863,false,NO_PROVEN_ASSET,true,data/rebus-fragment-representation-ideas.json
P2,klavje,clavier,clavier,IMAGE,clavier,312.893,false,NO_PROVEN_ASSET,true,data/rebus-productive-bank-wave5.json
P2,spiʁal,spirale,spirale,IMAGE,spiral | spirale | spiralent,312.447,false,NO_PROVEN_ASSET,true,data/rebus-productive-bank-wave5.json
P2,kobʁa,cobra,cobra,IMAGE,cobra,311.273,false,NO_PROVEN_ASSET,true,data/rebus-productive-bank-wave4.json
P2,fuʁʃɛt,fourchette,fourchette,IMAGE,fourchette,310.771,false,NO_PROVEN_ASSET,true,data/rebus-productive-bank-wave5.json
P2,tʁijɑ̃gl,triangle,triangle,IMAGE,triangle,310.49,false,NO_PROVEN_ASSET,true,data/rebus-productive-bank-wave5.json
P2,kask,casque,casque,IMAGE,casque,309.725,false,NO_PROVEN_ASSET,true,data/rebus-productive-bank-wave4.json
P2,bʁɔs,brosse,brosse,IMAGE,brosse,309.368,false,NO_PROVEN_ASSET,true,data/rebus-productive-bank-wave4.json
P2,ɔʁtɛj,orteil,orteil,IMAGE,orteil,308.714,false,NO_PROVEN_ASSET,true,data/rebus-productive-bank-wave4.json
P2,pɛ̃s,pince,pince,IMAGE,pince,308.505,false,NO_PROVEN_ASSET,true,data/rebus-productive-bank-wave4.json
P2,ʁɔʃ,roche,roche,IMAGE,roche,307.81,false,NO_PROVEN_ASSET,true,data/rebus-productive-bank-wave4.json
P2,klun,clown,clown,IMAGE,clown,306.941,false,NO_PROVEN_ASSET,true,data/rebus-productive-bank-wave4.json
P2,kusɛ̃,coussin,coussin,IMAGE,coussin,306.924,false,NO_PROVEN_ASSET,true,data/rebus-productive-bank-wave5.json
P2,ʒyp,jupe,jupe,IMAGE,jupe,305.588,false,NO_PROVEN_ASSET,true,data/rebus-productive-bank-wave4.json
P2,tigʁ,tigre,tigre,IMAGE,tigre,304.789,false,NO_PROVEN_ASSET,true,data/rebus-productive-bank-wave4.json
P2,ol,hall,hall,IMAGE,hall,304.395,false,NO_PROVEN_ASSET,true,data/rebus-productive-bank-wave4.json
P2,bœf,bœuf,bœuf,IMAGE,bœuf,303.295,false,NO_PROVEN_ASSET,true,data/rebus-fragment-representation-ideas.json
P2,vaz,vase,vase,IMAGE,vase,302.893,false,NO_PROVEN_ASSET,true,data/rebus-productive-bank-wave4.json
P2,oval,ovale,ovale,IMAGE,ovale,302.559,false,NO_PROVEN_ASSET,true,data/rebus-productive-bank-wave5.json
P2,pɛɲ,peigne,peigne,IMAGE,peigne | peignent,301.364,false,NO_PROVEN_ASSET,true,data/rebus-productive-bank-wave4.json
P2,pʁeʁi,prairie,prairie,IMAGE,prairie,300.534,false,NO_PROVEN_ASSET,true,data/rebus-productive-bank-wave5.json
P2,pɛ̃so,pinceau,pinceau,IMAGE,pinceau,297.483,false,NO_PROVEN_ASSET,true,data/rebus-productive-bank-wave5.json
P2,kyb,cube,cube,IMAGE,cube,296.503,false,NO_PROVEN_ASSET,true,data/rebus-productive-bank-wave4.json
P2,flɛʃ,flèche,flèche,IMAGE,flèche,295.448,false,NO_PROVEN_ASSET,true,data/rebus-productive-bank-wave4.json
P2,tʁam,tram,tram,IMAGE,tram | trame,292.064,false,NO_PROVEN_ASSET,true,data/rebus-productive-bank-wave5.json
P2,plɑ̃te,planter,planter,IMAGE,planté | planter,291.873,false,NO_PROVEN_ASSET,true,data/rebus-productive-bank-wave5.json
P2,ɛf,f,f,IMAGE,effe | f,283.086,false,NO_PROVEN_ASSET,true,data/rebus-productive-bank-wave4.json
P2,kʁøze,creuser,creuser,IMAGE,creuser,273.971,false,NO_PROVEN_ASSET,true,data/rebus-productive-bank-wave4.json
P2,pjɔʃ,pioche,pioche,IMAGE,pioche,273.78,false,NO_PROVEN_ASSET,true,data/rebus-productive-bank-wave4.json
P2,ɔ̃gl,ongle,ongle,IMAGE,ongle,269.398,false,NO_PROVEN_ASSET,true,data/rebus-productive-bank-wave5.json
P2,iks,x,x,IMAGE,ixe | x,265.428,false,NO_PROVEN_ASSET,true,data/rebus-productive-bank-wave4.json
P2,pɛ̃dʁ,peindre,peindre,IMAGE,peindre,254.453,false,NO_PROVEN_ASSET,true,data/rebus-productive-bank-wave5.json
P2,ʁɔbo,robot,robot,IMAGE,robot,59.464,false,NO_PROVEN_ASSET,true,data/rebus-fragment-representation-ideas.json
P2,abɛj,abeille,abeille,IMAGE,abeille,0,false,NO_PROVEN_ASSET,true,data/rebus-fragment-representation-ideas.json
P2,aj,ail,ail,IMAGE,aïe | ail | eye,0,false,NO_PROVEN_ASSET,true,data/rebus-productive-bank-wave4.json
P2,aʁbʁ,arbre,arbre,IMAGE,arbre,0,false,NO_PROVEN_ASSET,true,data/rebus-productive-bank-wave4.json
P2,avjɔ̃,avion,avion,IMAGE,avion,0,false,NO_PROVEN_ASSET,true,data/rebus-fragment-representation-ideas.json
P2,balɛ,balai,balai,IMAGE,balai | balais | ballet,0,false,NO_PROVEN_ASSET,true,data/rebus-productive-bank-wave4.json
P2,balɛn,baleine,baleine,IMAGE,baleine,0,false,NO_PROVEN_ASSET,true,data/rebus-productive-bank-wave4.json
P2,banan,banane,banane,IMAGE,banane,0,false,NO_PROVEN_ASSET,true,data/rebus-fragment-representation-ideas.json
P2,bato,bateau,bateau,IMAGE,bateau,0,true,ASSET_INDIVIDUEL_CANONIQUE,false,data/rebus-fragment-representation-ideas.json
P2,bɑ̃k,banque,banque,IMAGE,banque | bque,0,false,NO_PROVEN_ASSET,true,data/rebus-productive-bank-wave5.json
P2,biskɥi,biscuit,biscuit,IMAGE,biscuit,0,false,NO_PROVEN_ASSET,true,data/rebus-productive-bank-wave5.json
P2,bœʁ,beurre,beurre,IMAGE,ber | beurre | boer,0,false,NO_PROVEN_ASSET,true,data/rebus-productive-bank-wave4.json
P2,bɔ̃bɔ̃,bonbon,bonbon,IMAGE,bonbon,0,false,NO_PROVEN_ASSET,true,data/rebus-fragment-representation-ideas.json
P2,bɔt,botte,botte,IMAGE,boat | bote | botte,0,false,NO_PROVEN_ASSET,true,data/rebus-productive-bank-wave4.json
P2,buʃ,bouche,bouche,IMAGE,bouche | bush,0,false,NO_PROVEN_ASSET,true,data/rebus-productive-bank-wave4.json
P2,buʒi,bougie,bougie,IMAGE,bougie,0,false,NO_PROVEN_ASSET,true,data/rebus-productive-bank-wave4.json
P2,bwa,bois,bois,IMAGE,bois | boua,0,false,NO_PROVEN_ASSET,true,data/rebus-productive-bank-wave4.json
P2,bys,bus,bus,IMAGE,bus | busse,0,false,NO_PROVEN_ASSET,true,data/rebus-productive-bank-wave4.json
P2,dɑ̃,dent,dent,IMAGE,dent,0,false,NO_PROVEN_ASSET,true,data/rebus-fragment-representation-ideas.json
P2,dezɛʁ,désert,désert,IMAGE,désert,0,false,NO_PROVEN_ASSET,true,data/rebus-productive-bank-wave5.json
P2,do,dos,dos,IMAGE,dos,0,true,LEGACY_RUNTIME_ASSET,false,data/rebus-fragment-representation-ideas.json
P2,dofɛ̃,dauphin,dauphin,IMAGE,dauphin,0,false,NO_PROVEN_ASSET,true,data/rebus-productive-bank-wave5.json
P2,domino,domino,domino,IMAGE,domino,0,false,NO_PROVEN_ASSET,true,data/rebus-fragment-representation-ideas.json
P2,egɥij,aiguille,aiguille,IMAGE,aiguille | aiguilles,0,true,EXISTE_NON_VALIDÉ,false,data/rebus-productive-bank-wave4.json
P2,ekɔl,école,école,IMAGE,école,0,false,NO_PROVEN_ASSET,true,data/rebus-productive-bank-wave4.json
P2,epɔ̃ʒ,éponge,éponge,IMAGE,éponge,0,false,NO_PROVEN_ASSET,true,data/rebus-productive-bank-wave5.json
P2,eʃaʁp,écharpe,écharpe,IMAGE,écharpe,0,false,NO_PROVEN_ASSET,true,data/rebus-productive-bank-wave4.json
P2,eʃɛl,échelle,échelle,IMAGE,échèle | échelle,0,false,NO_PROVEN_ASSET,true,data/rebus-productive-bank-wave5.json
P2,etwal,étoile,étoile,IMAGE,étoile,0,false,NO_PROVEN_ASSET,true,data/rebus-productive-bank-wave4.json
P2,ɛgl,aigle,aigle,IMAGE,aigle,0,false,NO_PROVEN_ASSET,true,data/rebus-productive-bank-wave4.json
P2,ɛʁb,herbe,herbe,IMAGE,herbe,0,false,NO_PROVEN_ASSET,true,data/rebus-productive-bank-wave4.json
P2,flœʁ,fleur,fleur,IMAGE,fleur,0,false,NO_PROVEN_ASSET,true,data/rebus-fragment-representation-ideas.json
P2,fø,feu,feu,IMAGE,feu,0,false,NO_PROVEN_ASSET,true,data/rebus-fragment-representation-ideas.json
P2,fœj,feuille,feuille,IMAGE,feuille,0,false,NO_PROVEN_ASSET,true,data/rebus-productive-bank-wave4.json
P2,fʁɛz,fraise,fraise,IMAGE,fraise,0,false,NO_PROVEN_ASSET,true,data/rebus-productive-bank-wave4.json
P2,fuʁmi,fourmi,fourmi,IMAGE,fourmi,0,false,NO_PROVEN_ASSET,true,data/rebus-productive-bank-wave5.json
P2,gaʁ,gare,gare,IMAGE,gare | guards | guars,0,false,NO_PROVEN_ASSET,true,data/rebus-productive-bank-wave4.json
P2,ibu,hibou,hibou,IMAGE,hibou,0,false,NO_PROVEN_ASSET,true,data/rebus-productive-bank-wave5.json
P2,il,île,île,IMAGE,île,0,false,NO_PROVEN_ASSET,true,data/rebus-fragment-representation-ideas.json
P2,kado,cadeau,cadeau,IMAGE,cadeau,0,false,NO_PROVEN_ASSET,true,data/rebus-fragment-representation-ideas.json
P2,kamjɔ̃,camion,camion,IMAGE,camion,0,false,NO_PROVEN_ASSET,true,data/rebus-fragment-representation-ideas.json
P2,kanaʁ,canard,canard,IMAGE,canard,0,false,NO_PROVEN_ASSET,true,data/rebus-productive-bank-wave4.json
P2,kaʁɔt,carotte,carotte,IMAGE,carotte,0,false,NO_PROVEN_ASSET,true,data/rebus-fragment-representation-ideas.json
P2,kle,clé,clé,IMAGE,clé,0,true,ASSET_INDIVIDUEL_CANONIQUE,false,data/rebus-fragment-representation-ideas.json
P2,klɔʃ,cloche,cloche,IMAGE,cloche,0,false,NO_PROVEN_ASSET,true,data/rebus-productive-bank-wave4.json
P2,kœʁ,cœur,cœur,IMAGE,cœur,0,false,NO_PROVEN_ASSET,true,data/rebus-fragment-representation-ideas.json
P2,kɔʁ,cor,cor,IMAGE,cor | corps | khor,0,false,NO_PROVEN_ASSET,true,data/rebus-productive-bank-wave4.json
P2,kɔʃɔ̃,cochon,cochon,IMAGE,cochon,0,false,NO_PROVEN_ASSET,true,data/rebus-fragment-representation-ideas.json
P2,kʁavat,cravate,cravate,IMAGE,cravate,0,false,NO_PROVEN_ASSET,true,data/rebus-productive-bank-wave4.json
P2,kʁɛjɔ̃,crayon,crayon,IMAGE,crayon,0,false,NO_PROVEN_ASSET,true,data/rebus-fragment-representation-ideas.json
P2,kʁwasɑ̃,croissant,croissant,IMAGE,croissant,0,false,NO_PROVEN_ASSET,true,data/rebus-productive-bank-wave5.json
P2,kuto,couteau,couteau,IMAGE,couteau,0,true,ASSET_INDIVIDUEL_CANONIQUE,false,data/rebus-fragment-representation-ideas.json
P2,lapɛ̃,lapin,lapin,IMAGE,lapin,0,false,NO_PROVEN_ASSET,true,data/rebus-fragment-representation-ideas.json
P2,lɑ̃p,lampe,lampe,IMAGE,lampe,0,false,NO_PROVEN_ASSET,true,data/rebus-productive-bank-wave4.json
P2,lezaʁ,lézard,lézard,IMAGE,lézard,0,false,NO_PROVEN_ASSET,true,data/rebus-productive-bank-wave5.json
P2,li,lit,lit,IMAGE,lit,0,true,ASSET_INDIVIDUEL_CANONIQUE,false,data/rebus-fragment-representation-ideas.json
P2,livʁ,livre,livre,IMAGE,lb | livre,0,true,ASSET_INDIVIDUEL_CANONIQUE,false,data/rebus-productive-bank-wave4.json
P2,ljɔ̃,lion,lion,IMAGE,lion | lions,0,false,NO_PROVEN_ASSET,true,data/rebus-productive-bank-wave4.json
P2,lyn,lune,lune,IMAGE,lune,0,false,NO_PROVEN_ASSET,true,data/rebus-productive-bank-wave4.json
P2,lynɛt,lunettes,lunettes,IMAGE,lunettes,0,false,NO_PROVEN_ASSET,true,data/rebus-fragment-representation-ideas.json
P2,ma,mas,mas,IMAGE,ma | mas | mât,0,false,NO_PROVEN_ASSET,true,data/rebus-productive-bank-wave5.json
P2,ma,mât,mât,IMAGE,ma | mas | mât,0,true,LEGACY_RUNTIME_ASSET,false,data/rebus-productive-bank-wave5.json
P2,maʁto,marteau,marteau,IMAGE,marteau,0,false,NO_PROVEN_ASSET,true,data/rebus-fragment-representation-ideas.json
P2,mɑ̃to,manteau,manteau,IMAGE,manteau | mentaux,0,false,DESSIN_RÉELLEMENT_MANQUANT,true,data/rebus-productive-bank-wave4.json
P2,metʁo,métro,métro,IMAGE,métro,0,false,NO_PROVEN_ASSET,true,data/rebus-productive-bank-wave4.json
P2,mɛ̃,main,main,IMAGE,main,0,false,NO_PROVEN_ASSET,true,data/rebus-fragment-representation-ideas.json
P2,mɛʁ,mer,mer,IMAGE,mer | mère,0,true,EXISTE_NON_VALIDÉ,false,data/rebus-fragment-representation-ideas.json
P2,mɛʁ,mère,mère,IMAGE,mer | mère,0,false,NO_PROVEN_ASSET,true,data/rebus-fragment-representation-ideas.json
P2,mɛzɔ̃,maison,maison,IMAGE,maison,0,false,NO_PROVEN_ASSET,true,data/rebus-fragment-representation-ideas.json
P2,mi,mie,mie,IMAGE,mie,0,true,LEGACY_RUNTIME_ASSET,false,data/rebus-fragment-representation-ideas.json
P2,mjɛl,miel,miel,IMAGE,miel,0,false,NO_PROVEN_ASSET,true,data/rebus-productive-bank-wave4.json
P2,moto,moto,moto,IMAGE,moto,0,false,NO_PROVEN_ASSET,true,data/rebus-fragment-representation-ideas.json
P2,mɔ̃taɲ,montagne,montagne,IMAGE,montagne,0,false,NO_PROVEN_ASSET,true,data/rebus-productive-bank-wave4.json
P2,mɔ̃tʁ,montre,montre,IMAGE,montre,0,false,NO_PROVEN_ASSET,true,data/rebus-productive-bank-wave4.json
P2,muʃ,mouche,mouche,IMAGE,mouche,0,false,NO_PROVEN_ASSET,true,data/rebus-productive-bank-wave4.json
P2,mutɔ̃,mouton,mouton,IMAGE,mouton,0,false,NO_PROVEN_ASSET,true,data/rebus-fragment-representation-ideas.json
P2,ne,nez,nez,IMAGE,nez,0,true,LEGACY_RUNTIME_ASSET,false,data/rebus-fragment-representation-ideas.json
P2,nɛʒ,neige,neige,IMAGE,neige,0,false,NO_PROVEN_ASSET,true,data/rebus-productive-bank-wave4.json
P2,nø,noeud,noeud,IMAGE,noeud,0,false,NO_PROVEN_ASSET,true,data/rebus-productive-bank-wave4.json
P2,nɥaʒ,nuage,nuage,IMAGE,nuage,0,false,NO_PROVEN_ASSET,true,data/rebus-productive-bank-wave4.json
P2,o,eau,eau,IMAGE,eau,0,true,LEGACY_RUNTIME_ASSET,false,data/rebus-fragment-representation-ideas.json
P2,œf,oeuf,oeuf,IMAGE,oeuf,0,false,NO_PROVEN_ASSET,true,data/rebus-productive-bank-wave4.json
P2,œj,oeil,oeil,IMAGE,oeil,0,false,NO_PROVEN_ASSET,true,data/rebus-productive-bank-wave4.json
P2,oliv,olive,olive,IMAGE,olive,0,false,DESSIN_RÉELLEMENT_MANQUANT,true,data/rebus-productive-bank-wave4.json
P2,otɛl,hôtel,hôtel,IMAGE,autel | hôtel,0,false,NO_PROVEN_ASSET,true,data/rebus-productive-bank-wave4.json
P2,ɔɲɔ̃,oignon,oignon,IMAGE,ognon | oignon | oignons,0,false,NO_PROVEN_ASSET,true,data/rebus-productive-bank-wave5.json
P2,pa,pas,pas,IMAGE,pas,0,true,LEGACY_RUNTIME_ASSET,false,data/rebus-fragment-representation-ideas.json
P2,panje,panier,panier,IMAGE,panier,0,false,NO_PROVEN_ASSET,true,data/rebus-productive-bank-wave4.json
P2,paʁk,parc,parc,IMAGE,parc | parke | parque,0,false,NO_PROVEN_ASSET,true,data/rebus-productive-bank-wave4.json
P2,patat,patate,patate,IMAGE,patate,0,false,NO_PROVEN_ASSET,true,data/rebus-productive-bank-wave5.json
P2,pɑ̃,paon,paon,IMAGE,paon,0,false,NO_PROVEN_ASSET,true,data/rebus-fragment-representation-ideas.json
P2,pɛ̃,pain,pain,IMAGE,pain | pin,0,false,NO_PROVEN_ASSET,true,data/rebus-fragment-representation-ideas.json
P2,pɛ̃,pin,pin,IMAGE,pain | pin,0,false,NO_PROVEN_ASSET,true,data/rebus-fragment-representation-ideas.json
P2,pi,pie,pie,IMAGE,pie,0,true,EXISTE_NON_VALIDÉ,false,data/rebus-fragment-representation-ideas.json
P2,pje,pied,pied,IMAGE,ft | pied,0,true,ASSET_INDIVIDUEL_CANONIQUE,false,data/rebus-productive-bank-wave4.json
P2,plɥi,pluie,pluie,IMAGE,pluie,0,true,LEGACY_RUNTIME_ASSET,false,data/rebus-fragment-representation-ideas.json
P2,po,peau,peau,IMAGE,peau | pot,0,false,NO_PROVEN_ASSET,true,data/rebus-fragment-representation-ideas.json
P2,po,pot,pot,IMAGE,peau | pot,0,true,LEGACY_RUNTIME_ASSET,false,data/rebus-fragment-representation-ideas.json
P2,pɔ̃,pont,pont,IMAGE,pont,0,false,NO_PROVEN_ASSET,true,data/rebus-fragment-representation-ideas.json
P2,pɔm,pomme,pomme,IMAGE,pomme,0,true,ASSET_EXISTANT_À_RÉCUPÉRER,false,data/rebus-productive-bank-wave4.json
P2,pɔʁt,porte,porte,IMAGE,porte,0,true,ASSET_EXISTANT_À_RÉCUPÉRER,false,data/rebus-productive-bank-wave4.json
P2,pɔst,poste,poste,IMAGE,poste | posts,0,false,NO_PROVEN_ASSET,true,data/rebus-productive-bank-wave5.json
P2,pwaʁ,poire,poire,IMAGE,poire,0,false,NO_PROVEN_ASSET,true,data/rebus-productive-bank-wave4.json
P2,pwasɔ̃,poisson,poisson,IMAGE,poisson,0,false,NO_PROVEN_ASSET,true,data/rebus-fragment-representation-ideas.json
P2,ʁa,rat,rat,IMAGE,rat,0,true,ASSET_INDIVIDUEL_CANONIQUE,false,data/rebus-fragment-representation-ideas.json
P2,ʁadjo,radio,radio,IMAGE,radiaux | radio,0,false,NO_PROVEN_ASSET,true,data/rebus-productive-bank-wave5.json
P2,ʁevɛj,réveil,réveil,IMAGE,réveil | réveille,0,false,NO_PROVEN_ASSET,true,data/rebus-productive-bank-wave5.json
P2,ʁəkɛ̃,requin,requin,IMAGE,requin,0,false,NO_PROVEN_ASSET,true,data/rebus-productive-bank-wave4.json
P2,ʁənaʁ,renard,renard,IMAGE,renard,0,false,NO_PROVEN_ASSET,true,data/rebus-productive-bank-wave5.json
P2,ʁɛ,raie,raie,IMAGE,raie,0,true,LEGACY_RUNTIME_ASSET,false,data/rebus-fragment-representation-ideas.json
P2,ʁɛzɛ̃,raisin,raisin,IMAGE,raisin,0,false,NO_PROVEN_ASSET,true,data/rebus-productive-bank-wave5.json
P2,ʁi,riz,riz,IMAGE,riz,0,true,LEGACY_RUNTIME_ASSET,false,data/rebus-fragment-representation-ideas.json
P2,ʁɔb,robe,robe,IMAGE,rob | robe,0,false,NO_PROVEN_ASSET,true,data/rebus-productive-bank-wave4.json
P2,ʁu,roue,roue,IMAGE,roue,0,false,NO_PROVEN_ASSET,true,data/rebus-fragment-representation-ideas.json
P2,salad,salade,salade,IMAGE,salade,0,false,NO_PROVEN_ASSET,true,data/rebus-productive-bank-wave4.json
P2,sapɛ̃,sapin,sapin,IMAGE,sapin,0,false,NO_PROVEN_ASSET,true,data/rebus-fragment-representation-ideas.json
P2,savɔ̃,savon,savon,IMAGE,savon | savons,0,false,NO_PROVEN_ASSET,true,data/rebus-productive-bank-wave4.json
P2,səʁiz,cerise,cerise,IMAGE,cerise,0,false,NO_PROVEN_ASSET,true,data/rebus-productive-bank-wave5.json
P2,sɛl,sel,sel,IMAGE,sel,0,false,NO_PROVEN_ASSET,true,data/rebus-fragment-representation-ideas.json
P2,sɛʁ,cerf,cerf,IMAGE,cerf | serf | serre,0,false,NO_PROVEN_ASSET,true,data/rebus-productive-bank-wave5.json
P2,sɛʁ,serf,serf,IMAGE,cerf | serf | serre,0,false,NO_PROVEN_ASSET,true,data/rebus-productive-bank-wave5.json
P2,sɛʁ,serre,serre,IMAGE,cerf | serf | serre,0,false,NO_PROVEN_ASSET,true,data/rebus-productive-bank-wave5.json
P2,sɛʁpɑ̃,serpent,serpent,IMAGE,serpant | serpent,0,false,NO_PROVEN_ASSET,true,data/rebus-productive-bank-wave5.json
P2,sɛ̃ʒ,singe,singe,IMAGE,singe,0,false,NO_PROVEN_ASSET,true,data/rebus-productive-bank-wave4.json
P2,si,scie,scie,IMAGE,scie,0,true,ASSET_EXISTANT_À_RÉCUPÉRER,false,data/rebus-fragment-representation-ideas.json
P2,sitʁɔ̃,citron,citron,IMAGE,citron,0,false,NO_PROVEN_ASSET,true,data/rebus-fragment-representation-ideas.json
P2,so,saut,saut,IMAGE,saut | seau,0,false,NO_PROVEN_ASSET,true,data/rebus-fragment-representation-ideas.json
P2,so,seau,seau,IMAGE,saut | seau,0,false,NO_PROVEN_ASSET,true,data/rebus-fragment-representation-ideas.json
P2,sɔl,sol,sol,IMAGE,sol | sole,0,true,LEGACY_RUNTIME_ASSET,false,data/rebus-productive-bank-wave4.json
P2,sɔlɛj,soleil,soleil,IMAGE,soleil,0,true,ASSET_INDIVIDUEL_CANONIQUE,false,data/rebus-fragment-representation-ideas.json
P2,stad,stade,stade,IMAGE,stade,0,false,NO_PROVEN_ASSET,true,data/rebus-productive-bank-wave4.json
P2,stilo,stylo,stylo,IMAGE,stylo,0,false,NO_PROVEN_ASSET,true,data/rebus-productive-bank-wave4.json
P2,suʁi,souris,souris,IMAGE,souris | sourit,0,false,NO_PROVEN_ASSET,true,data/rebus-productive-bank-wave4.json
P2,ʃa,chat,chat,IMAGE,chat,0,true,ASSET_INDIVIDUEL_CANONIQUE,false,data/rebus-fragment-representation-ideas.json
P2,ʃapo,chapeau,chapeau,IMAGE,chapeau,0,false,NO_PROVEN_ASSET,true,data/rebus-fragment-representation-ideas.json
P2,ʃəval,cheval,cheval,IMAGE,cheval | chevale,0,true,ASSET_INDIVIDUEL_CANONIQUE,false,data/rebus-productive-bank-wave4.json
P2,ʃɛn,chaine,chaine,IMAGE,chaine | chaîne | chêne,0,false,NO_PROVEN_ASSET,true,data/rebus-productive-bank-wave4.json
P2,ʃɛn,chaîne,chaîne,IMAGE,chaine | chaîne | chêne,0,false,NO_PROVEN_ASSET,true,data/rebus-productive-bank-wave4.json
P2,ʃɛvʁ,chèvre,chèvre,IMAGE,chevre | chèvre | chevres,0,false,NO_PROVEN_ASSET,true,data/rebus-productive-bank-wave4.json
P2,ʃɛz,chaise,chaise,IMAGE,chaise,0,false,NO_PROVEN_ASSET,true,data/rebus-productive-bank-wave4.json
P2,ʃjɛ̃,chien,chien,IMAGE,chien,0,true,ASSET_EXISTANT_À_RÉCUPÉRER,false,data/rebus-productive-bank-wave4.json
P2,ʃosɛt,chaussette,chaussette,IMAGE,chaussette,0,false,NO_PROVEN_ASSET,true,data/rebus-productive-bank-wave5.json
P2,ʃosyʁ,chaussure,chaussure,IMAGE,chaussure,0,false,NO_PROVEN_ASSET,true,data/rebus-productive-bank-wave4.json
P2,taksi,taxi,taxi,IMAGE,taxi,0,false,NO_PROVEN_ASSET,true,data/rebus-productive-bank-wave4.json
P2,talɔ̃,talon,talon,IMAGE,tallons | talon | talons,0,false,NO_PROVEN_ASSET,true,data/rebus-productive-bank-wave5.json
P2,taʁt,tarte,tarte,IMAGE,tarte | tartent,0,false,NO_PROVEN_ASSET,true,data/rebus-productive-bank-wave4.json
P2,te,thé,thé,IMAGE,thé,0,true,LEGACY_RUNTIME_ASSET,false,data/rebus-fragment-representation-ideas.json
P2,tɛʁ,terre,terre,IMAGE,terre,0,true,LEGACY_RUNTIME_ASSET,false,data/rebus-fragment-representation-ideas.json
P2,tɔʁty,tortue,tortue,IMAGE,tortu | tortue,0,false,NO_PROVEN_ASSET,true,data/rebus-productive-bank-wave5.json
P2,tʁaktœʁ,tracteur,tracteur,IMAGE,tracteur,0,false,NO_PROVEN_ASSET,true,data/rebus-productive-bank-wave5.json
P2,tʁɛ̃,train,train,IMAGE,train,0,true,ASSET_INDIVIDUEL_CANONIQUE,false,data/rebus-productive-bank-wave4.json
P2,uʁs,ours,ours,IMAGE,ours,0,false,NO_PROVEN_ASSET,true,data/rebus-productive-bank-wave4.json
P2,vag,vague,vague,IMAGE,vague,0,false,NO_PROVEN_ASSET,true,data/rebus-productive-bank-wave4.json
P2,vaʃ,vache,vache,IMAGE,vache,0,false,NO_PROVEN_ASSET,true,data/rebus-productive-bank-wave5.json
P2,velo,vélo,vélo,IMAGE,vélo,0,true,ASSET_EXISTANT_À_RÉCUPÉRER,false,data/rebus-fragment-representation-ideas.json
P2,vɛʁ,verre,verre,IMAGE,verre | vert,0,false,NO_PROVEN_ASSET,true,data/rebus-fragment-representation-ideas.json
P2,vɔlkɑ̃,volcan,volcan,IMAGE,volcan,0,false,NO_PROVEN_ASSET,true,data/rebus-productive-bank-wave5.json
P2,vwatyʁ,voiture,voiture,IMAGE,voiture,0,true,ASSET_INDIVIDUEL_CANONIQUE,false,data/rebus-productive-bank-wave4.json
P2,yzin,usine,usine,IMAGE,usine,0,false,NO_PROVEN_ASSET,true,data/rebus-productive-bank-wave4.json
P2,ʒɑ̃b,jambe,jambe,IMAGE,jambe | jambé,0,false,NO_PROVEN_ASSET,true,data/rebus-productive-bank-wave4.json
P2,ʒiʁaf,girafe,girafe,IMAGE,girafe,0,false,NO_PROVEN_ASSET,true,data/rebus-productive-bank-wave5.json
